0,0,0,0,0,out
0,0,1,0,0,out
0,0,2,0,0,out
0,0,3,0,0,out
0,0,4,0,0,out
0,0,5,0,0,out
0,0,6,0,0,out
0,0,7,0,0,out
0,0,8,0,0,out
0,0,9,0,0,out
0,0,10,0,0,out
0,0,11,0,0,out
0,0,12,0,0,out
0,0,13,0,0,out
0,0,14,0,0,out
0,0,15,0,0,out
0,0,16,0,0,out
0,0,17,0,0,out
0,0,18,0,0,out
0,0,19,0,0,out
0,1,0,1,1,out
0,1,1,1,1,out
0,1,2,1,1,out
0,1,3,1,1,out
0,1,4,1,1,out
0,1,5,1,1,out
0,1,6,1,1,out
0,1,7,1,1,out
0,1,8,1,1,out
0,1,9,1,1,out
0,1,10,1,1,out
0,1,11,1,1,out
0,1,12,1,1,out
0,1,13,1,1,out
0,1,14,1,1,out
0,1,15,1,1,out
0,1,16,1,1,out
0,1,17,1,1,out
0,1,18,1,1,out
0,1,19,1,1,out
0,2,0,2,2,out
0,2,1,2,2,out
0,2,2,2,2,out
0,2,3,2,2,out
0,2,4,2,2,out
0,2,5,2,2,out
0,2,6,2,2,out
0,2,7,2,2,out
0,2,8,2,2,out
0,2,9,2,2,out
0,2,10,2,2,out
0,2,11,2,2,out
0,2,12,2,2,out
0,2,13,2,2,out
0,2,14,2,2,out
0,2,15,2,2,out
0,2,16,2,2,out
0,2,17,2,2,out
0,2,18,2,2,out
0,2,19,2,2,out
0,3,0,3,3,out
0,3,1,3,3,out
0,3,2,3,3,out
0,3,3,3,3,out
0,3,4,3,3,out
0,3,5,3,3,out
0,3,6,3,3,out
0,3,7,3,3,out
0,3,8,3,3,out
0,3,9,3,3,out
0,3,10,3,3,out
0,3,11,3,3,out
0,3,12,3,3,out
0,3,13,3,3,out
0,3,14,3,3,out
0,3,15,3,3,out
0,3,16,3,3,out
0,3,17,3,3,out
0,3,18,3,3,out
0,3,19,3,3,out
0,4,0,4,4,out
0,4,1,4,4,out
0,4,2,4,4,out
0,4,3,4,4,out
0,4,4,4,4,out
0,4,5,4,4,out
0,4,6,4,4,out
0,4,7,4,4,out
0,4,8,4,4,out
0,4,9,4,4,out
0,4,10,4,4,out
0,4,11,4,4,out
0,4,12,4,4,out
0,4,13,4,4,out
0,4,14,4,4,out
0,4,15,4,4,out
0,4,16,4,4,out
0,4,17,4,4,out
0,4,18,4,4,out
0,4,19,4,4,out
0,5,0,5,5,out
0,5,1,5,5,out
0,5,2,5,5,out
0,5,3,5,5,out
0,5,4,5,5,out
0,5,5,5,5,out
0,5,6,5,5,out
0,5,7,5,5,out
0,5,8,5,5,out
0,5,9,5,5,out
0,5,10,5,5,out
0,5,11,5,5,out
0,5,12,5,5,out
0,5,13,5,5,out
0,5,14,5,5,out
0,5,15,5,5,out
0,5,16,5,5,out
0,5,17,5,5,out
0,5,18,5,5,out
0,5,19,5,5,out
0,6,0,6,6,out
0,6,1,6,6,out
0,6,2,6,6,out
0,6,3,6,6,out
0,6,4,6,6,out
0,6,5,6,6,out
0,6,6,6,6,out
0,6,7,6,6,out
0,6,8,6,6,out
0,6,9,6,6,out
0,6,10,6,6,out
0,6,11,6,6,out
0,6,12,6,6,out
0,6,13,6,6,out
0,6,14,6,6,out
0,6,15,6,6,out
0,6,16,6,6,out
0,6,17,6,6,out
0,6,18,6,6,out
0,6,19,6,6,out
0,7,0,7,7,out
0,7,1,7,7,out
0,7,2,7,7,out
0,7,3,7,7,out
0,7,4,7,7,out
0,7,5,7,7,out
0,7,6,7,7,out
0,7,7,7,7,out
0,7,8,7,7,out
0,7,9,7,7,out
0,7,10,7,7,out
0,7,11,7,7,out
0,7,12,7,7,out
0,7,13,7,7,out
0,7,14,7,7,out
0,7,15,7,7,out
0,7,16,7,7,out
0,7,17,7,7,out
0,7,18,7,7,out
0,7,19,7,7,out
0,8,0,8,8,out
0,8,1,8,8,out
0,8,2,8,8,out
0,8,3,8,8,out
0,8,4,8,8,out
0,8,5,8,8,out
0,8,6,8,8,out
0,8,7,8,8,out
0,8,8,8,8,out
0,8,9,8,8,out
0,8,10,8,8,out
0,8,11,8,8,out
0,8,12,8,8,out
0,8,13,8,8,out
0,8,14,8,8,out
0,8,15,8,8,out
0,8,16,8,8,out
0,8,17,8,8,out
0,8,18,8,8,out
0,8,19,8,8,out
0,9,0,9,9,out
0,9,1,9,9,out
0,9,2,9,9,out
0,9,3,9,9,out
0,9,4,9,9,out
0,9,5,9,9,out
0,9,6,9,9,out
0,9,7,9,9,out
0,9,8,9,9,out
0,9,9,9,9,out
0,9,10,9,9,out
0,9,11,9,9,out
0,9,12,9,9,out
0,9,13,9,9,out
0,9,14,9,9,out
0,9,15,9,9,out
0,9,16,9,9,out
0,9,17,9,9,out
0,9,18,9,9,out
0,9,19,9,9,out
0,10,0,10,10,out
0,10,1,10,10,out
0,10,2,10,10,out
0,10,3,10,10,out
0,10,4,10,10,out
0,10,5,10,10,out
0,10,6,10,10,out
0,10,7,10,10,out
0,10,8,10,10,out
0,10,9,10,10,out
0,10,10,10,10,out
0,10,11,10,10,out
0,10,12,10,10,out
0,10,13,10,10,out
0,10,14,10,10,out
0,10,15,10,10,out
0,10,16,10,10,out
0,10,17,10,10,out
0,10,18,10,10,out
0,10,19,10,10,out
0,11,0,11,11,out
0,11,1,11,11,out
0,11,2,11,11,out
0,11,3,11,11,out
0,11,4,11,11,out
0,11,5,11,11,out
0,11,6,11,11,out
0,11,7,11,11,out
0,11,8,11,11,out
0,11,9,11,11,out
0,11,10,11,11,out
0,11,11,11,11,out
0,11,12,11,11,out
0,11,13,11,11,out
0,11,14,11,11,out
0,11,15,11,11,out
0,11,16,11,11,out
0,11,17,11,11,out
0,11,18,11,11,out
0,11,19,11,11,out
0,12,0,12,12,out
0,12,1,12,12,out
0,12,2,12,12,out
0,12,3,12,12,out
0,12,4,12,12,out
0,12,5,12,12,out
0,12,6,12,12,out
0,12,7,12,12,out
0,12,8,12,12,out
0,12,9,12,12,out
0,12,10,12,12,out
0,12,11,12,12,out
0,12,12,12,12,out
0,12,13,12,12,out
0,12,14,12,12,out
0,12,15,12,12,out
0,12,16,12,12,out
0,12,17,12,12,out
0,12,18,12,12,out
0,12,19,12,12,out
0,13,0,13,13,out
0,13,1,13,13,out
0,13,2,13,13,out
0,13,3,13,13,out
0,13,4,13,13,out
0,13,5,13,13,out
0,13,6,13,13,out
0,13,7,13,13,out
0,13,8,13,13,out
0,13,9,13,13,out
0,13,10,13,13,out
0,13,11,13,13,out
0,13,12,13,13,out
0,13,13,13,13,out
0,13,14,13,13,out
0,13,15,13,13,out
0,13,16,13,13,out
0,13,17,13,13,out
0,13,18,13,13,out
0,13,19,13,13,out
0,14,0,14,14,out
0,14,1,14,14,out
0,14,2,14,14,out
0,14,3,14,14,out
0,14,4,14,14,out
0,14,5,14,14,out
0,14,6,14,14,out
0,14,7,14,14,out
0,14,8,14,14,out
0,14,9,14,14,out
0,14,10,14,14,out
0,14,11,14,14,out
0,14,12,14,14,out
0,14,13,14,14,out
0,14,14,14,14,out
0,14,15,14,14,out
0,14,16,14,14,out
0,14,17,14,14,out
0,14,18,14,14,out
0,14,19,14,14,out
0,15,0,15,15,out
0,15,1,15,15,out
0,15,2,15,15,out
0,15,3,15,15,out
0,15,4,15,15,out
0,15,5,15,15,out
0,15,6,15,15,out
0,15,7,15,15,out
0,15,8,15,15,out
0,15,9,15,15,out
0,15,10,15,15,out
0,15,11,15,15,out
0,15,12,15,15,out
0,15,13,15,15,out
0,15,14,15,15,out
0,15,15,15,15,out
0,15,16,15,15,out
0,15,17,15,15,out
0,15,18,15,15,out
0,15,19,15,15,out
0,16,0,16,16,out
0,16,1,16,16,out
0,16,2,16,16,out
0,16,3,16,16,out
0,16,4,16,16,out
0,16,5,16,16,out
0,16,6,16,16,out
0,16,7,16,16,out
0,16,8,16,16,out
0,16,9,16,16,out
0,16,10,16,16,out
0,16,11,16,16,out
0,16,12,16,16,out
0,16,13,16,16,out
0,16,14,16,16,out
0,16,15,16,16,out
0,16,16,16,16,out
0,16,17,16,16,out
0,16,18,16,16,out
0,16,19,16,16,out
0,17,0,17,17,out
0,17,1,17,17,out
0,17,2,17,17,out
0,17,3,17,17,out
0,17,4,17,17,out
0,17,5,17,17,out
0,17,6,17,17,out
0,17,7,17,17,out
0,17,8,17,17,out
0,17,9,17,17,out
0,17,10,17,17,out
0,17,11,17,17,out
0,17,12,17,17,out
0,17,13,17,17,out
0,17,14,17,17,out
0,17,15,17,17,out
0,17,16,17,17,out
0,17,17,17,17,out
0,17,18,17,17,out
0,17,19,17,17,out
0,18,0,18,18,out
0,18,1,18,18,out
0,18,2,18,18,out
0,18,3,18,18,out
0,18,4,18,18,out
0,18,5,18,18,out
0,18,6,18,18,out
0,18,7,18,18,out
0,18,8,18,18,out
0,18,9,18,18,out
0,18,10,18,18,out
0,18,11,18,18,out
0,18,12,18,18,out
0,18,13,18,18,out
0,18,14,18,18,out
0,18,15,18,18,out
0,18,16,18,18,out
0,18,17,18,18,out
0,18,18,18,18,out
0,18,19,18,18,out
0,19,0,19,19,out
0,19,1,19,19,out
0,19,2,19,19,out
0,19,3,19,19,out
0,19,4,19,19,out
0,19,5,19,19,out
0,19,6,19,19,out
0,19,7,19,19,out
0,19,8,19,19,out
0,19,9,19,19,out
0,19,10,19,19,out
0,19,11,19,19,out
0,19,12,19,19,out
0,19,13,19,19,out
0,19,14,19,19,out
0,19,15,19,19,out
0,19,16,19,19,out
0,19,17,19,19,out
0,19,18,19,19,out
0,19,19,19,19,out
0,0,0,0,0,coming
0,0,1,0,0,coming
0,0,2,0,0,coming
0,0,3,0,0,coming
0,0,4,0,0,coming
0,1,0,1,1,coming
0,1,1,1,1,coming
0,1,2,1,1,coming
0,1,3,1,1,coming
0,1,4,1,1,coming
0,2,0,2,2,coming
0,2,1,2,2,coming
0,2,2,2,2,coming
0,2,3,2,2,coming
0,2,4,2,2,coming
0,3,0,3,3,coming
0,3,1,3,3,coming
0,3,2,3,3,coming
0,3,3,3,3,coming
0,3,4,3,3,coming
0,4,0,4,4,coming
0,4,1,4,4,coming
0,4,2,4,4,coming
0,4,3,4,4,coming
0,4,4,4,4,coming
0,5,0,5,5,coming
0,5,1,5,5,coming
0,5,2,5,5,coming
0,5,3,5,5,coming
0,5,4,5,5,coming
0,6,0,6,6,coming
0,6,1,6,6,coming
0,6,2,6,6,coming
0,6,3,6,6,coming
0,6,4,6,6,coming
0,7,0,7,7,coming
0,7,1,7,7,coming
0,7,2,7,7,coming
0,7,3,7,7,coming
0,7,4,7,7,coming
0,8,0,8,8,coming
0,8,1,8,8,coming
0,8,2,8,8,coming
0,8,3,8,8,coming
0,8,4,8,8,coming
0,9,0,9,9,coming
0,9,1,9,9,coming
0,9,2,9,9,coming
0,9,3,9,9,coming
0,9,4,9,9,coming
0,10,0,10,10,coming
0,10,1,10,10,coming
0,10,2,10,10,coming
0,10,3,10,10,coming
0,10,4,10,10,coming
0,11,0,11,11,coming
0,11,1,11,11,coming
0,11,2,11,11,coming
0,11,3,11,11,coming
0,11,4,11,11,coming
0,12,0,12,12,coming
0,12,1,12,12,coming
0,12,2,12,12,coming
0,12,3,12,12,coming
0,12,4,12,12,coming
0,13,0,13,13,coming
0,13,1,13,13,coming
0,13,2,13,13,coming
0,13,3,13,13,coming
0,13,4,13,13,coming
0,14,0,14,14,coming
0,14,1,14,14,coming
0,14,2,14,14,coming
0,14,3,14,14,coming
0,14,4,14,14,coming
0,15,0,15,15,coming
0,15,1,15,15,coming
0,15,2,15,15,coming
0,15,3,15,15,coming
0,15,4,15,15,coming
0,16,0,16,16,coming
0,16,1,16,16,coming
0,16,2,16,16,coming
0,16,3,16,16,coming
0,16,4,16,16,coming
0,17,0,17,17,coming
0,17,1,17,17,coming
0,17,2,17,17,coming
0,17,3,17,17,coming
0,17,4,17,17,coming
0,18,0,18,18,coming
0,18,1,18,18,coming
0,18,2,18,18,coming
0,18,3,18,18,coming
0,18,4,18,18,coming
0,19,0,19,19,coming
0,19,1,19,19,coming
0,19,2,19,19,coming
0,19,3,19,19,coming
0,19,4,19,19,coming
100,0,0,0,0,in
100,0,1,0,0,in
100,0,2,0,0,in
100,0,3,0,0,in
100,0,4,0,0,in
100,1,0,1,1,in
100,1,1,1,1,in
100,1,2,1,1,in
100,1,3,1,1,in
100,1,4,1,1,in
100,2,0,2,2,in
100,2,1,2,2,in
100,2,2,2,2,in
100,2,3,2,2,in
100,2,4,2,2,in
100,3,0,3,3,in
100,3,1,3,3,in
100,3,2,3,3,in
100,3,3,3,3,in
100,3,4,3,3,in
100,4,0,4,4,in
100,4,1,4,4,in
100,4,2,4,4,in
100,4,3,4,4,in
100,4,4,4,4,in
100,5,0,5,5,in
100,5,1,5,5,in
100,5,2,5,5,in
100,5,3,5,5,in
100,5,4,5,5,in
100,6,0,6,6,in
100,6,1,6,6,in
100,6,2,6,6,in
100,6,3,6,6,in
100,6,4,6,6,in
100,7,0,7,7,in
100,7,1,7,7,in
100,7,2,7,7,in
100,7,3,7,7,in
100,7,4,7,7,in
100,8,0,8,8,in
100,8,1,8,8,in
100,8,2,8,8,in
100,8,3,8,8,in
100,8,4,8,8,in
100,9,0,9,9,in
100,9,1,9,9,in
100,9,2,9,9,in
100,9,3,9,9,in
100,9,4,9,9,in
100,10,0,10,10,in
100,10,1,10,10,in
100,10,2,10,10,in
100,10,3,10,10,in
100,10,4,10,10,in
100,11,0,11,11,in
100,11,1,11,11,in
100,11,2,11,11,in
100,11,3,11,11,in
100,11,4,11,11,in
100,12,0,12,12,in
100,12,1,12,12,in
100,12,2,12,12,in
100,12,3,12,12,in
100,12,4,12,12,in
100,13,0,13,13,in
100,13,1,13,13,in
100,13,2,13,13,in
100,13,3,13,13,in
100,13,4,13,13,in
100,14,0,14,14,in
100,14,1,14,14,in
100,14,2,14,14,in
100,14,3,14,14,in
100,14,4,14,14,in
100,15,0,15,15,in
100,15,1,15,15,in
100,15,2,15,15,in
100,15,3,15,15,in
100,15,4,15,15,in
100,16,0,16,16,in
100,16,1,16,16,in
100,16,2,16,16,in
100,16,3,16,16,in
100,16,4,16,16,in
100,17,0,17,17,in
100,17,1,17,17,in
100,17,2,17,17,in
100,17,3,17,17,in
100,17,4,17,17,in
100,18,0,18,18,in
100,18,1,18,18,in
100,18,2,18,18,in
100,18,3,18,18,in
100,18,4,18,18,in
100,19,0,19,19,in
100,19,1,19,19,in
100,19,2,19,19,in
100,19,3,19,19,in
100,19,4,19,19,in
102,16,4,16,16,out
102,16,6,16,16,coming
103,7,4,7,7,out
103,7,10,7,7,coming
103,16,3,16,16,out
103,16,7,16,16,coming
104,7,3,7,7,out
104,7,11,7,7,coming
108,1,4,1,1,out
108,1,9,1,1,coming
118,8,4,8,8,out
118,8,10,8,8,coming
119,8,3,8,8,out
119,8,11,8,8,coming
123,5,4,5,5,out
123,5,6,5,5,coming
124,5,3,5,5,out
124,5,7,5,5,coming
125,19,4,19,19,out
125,19,9,19,19,coming
126,19,3,19,19,out
126,19,10,19,19,coming
128,3,4,3,3,out
128,3,5,3,3,coming
129,3,3,3,3,out
129,3,6,3,3,coming
129,17,4,17,17,out
129,17,12,17,17,coming
130,17,3,17,17,out
130,17,13,17,17,coming
163,9,4,9,9,out
163,9,10,9,9,coming
164,9,3,9,9,out
164,9,11,9,9,coming
173,2,4,2,2,out
173,2,8,2,2,coming
174,2,3,2,2,out
174,2,9,2,2,coming
188,4,4,4,4,out
188,4,6,4,4,coming
189,4,3,4,4,out
189,4,7,4,4,coming
194,11,4,11,11,out
194,11,12,11,11,coming
195,11,3,11,11,out
195,11,13,11,11,coming
198,15,4,15,15,out
198,15,11,15,15,coming
199,15,3,15,15,out
199,15,12,15,15,coming
202,16,6,16,16,in
203,7,10,7,7,in
203,16,7,16,16,in
204,7,11,7,7,in
208,1,9,1,1,in
209,18,4,18,18,out
209,18,12,18,18,coming
210,18,3,18,18,out
210,18,13,18,18,coming
218,8,10,8,8,in
219,8,11,8,8,in
221,1,2,1,1,out
221,1,4,1,1,coming
223,5,6,5,5,in
224,5,7,5,5,in
225,19,9,19,19,in
226,19,10,19,19,in
228,3,5,3,3,in
229,3,6,3,3,in
229,17,12,17,17,in
230,17,13,17,17,in
256,7,0,7,7,out
256,7,3,7,7,coming
263,9,10,9,9,in
264,9,11,9,9,in
273,2,8,2,2,in
274,2,9,2,2,in
276,5,2,5,5,out
276,5,8,5,5,coming
281,3,2,3,3,out
281,3,7,3,3,coming
281,8,2,8,8,out
281,8,12,8,8,coming
284,9,11,9,9,out
284,9,7,9,9,coming
285,9,2,9,9,out
285,9,8,9,9,coming
288,4,6,4,4,in
289,4,7,4,4,in
293,8,1,8,8,out
293,8,9,8,8,coming
294,11,12,11,11,in
295,11,13,11,11,in
298,15,11,15,15,in
299,15,12,15,15,in
300,19,2,19,19,out
300,19,11,19,19,coming
301,12,4,12,12,out
301,12,5,12,12,coming
302,12,3,12,12,out
302,12,6,12,12,coming
303,0,4,0,0,out
303,0,8,0,0,coming
303,17,2,17,17,out
303,17,14,17,17,coming
304,0,3,0,0,out
304,0,9,0,0,coming
309,18,12,18,18,in
310,18,13,18,18,in
317,2,0,2,2,out
317,2,1,2,2,out
317,2,2,2,2,out
317,2,3,2,2,out
317,2,4,2,2,out
317,2,5,2,2,out
317,2,6,2,2,out
317,2,7,2,2,out
317,2,8,2,2,out
317,2,9,2,2,out
317,2,10,2,2,out
317,2,11,2,2,out
317,2,12,2,2,out
317,2,13,2,2,out
317,2,14,2,2,out
317,2,15,2,2,out
317,2,16,2,2,out
317,2,17,2,2,out
317,2,18,2,2,out
317,2,19,2,2,out
317,2,0,20,20,coming
317,2,1,20,20,coming
317,2,2,20,20,coming
317,2,3,20,20,coming
317,2,4,20,20,coming
321,1,4,1,1,in
322,10,4,10,10,out
322,10,5,10,10,coming
323,10,3,10,10,out
323,10,6,10,10,coming
327,19,1,19,19,out
327,19,3,19,19,coming
328,19,0,19,19,out
328,19,4,19,19,coming
332,4,1,4,4,out
332,4,3,4,4,coming
332,15,12,15,15,out
332,15,7,15,15,coming
333,15,2,15,15,out
333,15,8,15,15,coming
334,7,10,7,7,out
334,7,7,7,7,coming
335,7,11,7,7,out
335,7,8,7,7,coming
348,4,0,4,4,out
348,4,4,4,4,coming
349,17,0,17,17,out
349,17,1,17,17,out
349,17,2,17,17,out
349,17,3,17,17,out
349,17,4,17,17,out
349,17,5,17,17,out
349,17,6,17,17,out
349,17,7,17,17,out
349,17,8,17,17,out
349,17,9,17,17,out
349,17,10,17,17,out
349,17,11,17,17,out
349,17,12,17,17,out
349,17,13,17,17,out
349,17,14,17,17,out
349,17,15,17,17,out
349,17,16,17,17,out
349,17,17,17,17,out
349,17,18,17,17,out
349,17,19,17,17,out
349,4,5,4,4,coming
349,17,0,21,21,coming
349,17,1,21,21,coming
349,17,2,21,21,coming
349,17,3,21,21,coming
350,1,1,1,1,out
350,1,5,1,1,coming
356,7,3,7,7,in
376,5,8,5,5,in
381,18,0,18,18,out
381,18,1,18,18,out
381,18,2,18,18,out
381,18,3,18,18,out
381,18,4,18,18,out
381,18,5,18,18,out
381,18,6,18,18,out
381,18,7,18,18,out
381,18,8,18,18,out
381,18,9,18,18,out
381,18,10,18,18,out
381,18,11,18,18,out
381,18,12,18,18,out
381,18,13,18,18,out
381,18,14,18,18,out
381,18,15,18,18,out
381,18,16,18,18,out
381,18,17,18,18,out
381,18,18,18,18,out
381,18,19,18,18,out
381,3,7,3,3,in
381,8,12,8,8,in
381,17,4,21,21,coming
381,18,0,22,22,coming
381,18,1,22,22,coming
381,18,2,22,22,coming
381,18,3,22,22,coming
382,3,7,3,3,out
382,3,2,3,3,coming
382,11,2,11,11,out
382,11,14,11,11,coming
384,9,7,9,9,in
385,9,8,9,9,in
393,8,9,8,8,in
394,5,1,5,5,out
394,5,2,5,5,coming
395,5,0,5,5,out
395,5,3,5,5,coming
398,6,4,6,6,out
398,6,6,6,6,coming
399,6,3,6,6,out
399,6,7,6,6,coming
400,19,11,19,19,in
401,12,5,12,12,in
402,12,6,12,12,in
402,3,5,3,3,out
402,3,3,3,3,coming
403,0,8,0,0,in
403,3,6,3,3,out
403,3,4,3,3,coming
404,0,9,0,0,in
417,2,0,20,20,in
417,2,1,20,20,in
417,2,2,20,20,in
417,2,3,20,20,in
417,2,4,20,20,in
422,10,5,10,10,in
423,10,6,10,10,in
427,19,3,19,19,in
428,19,4,19,19,in
428,9,8,9,9,out
428,9,5,9,9,coming
429,9,1,9,9,out
429,9,6,9,9,coming
432,4,3,4,4,in
432,15,7,15,15,in
433,15,8,15,15,in
434,7,7,7,7,in
435,7,8,7,7,in
439,1,0,1,1,out
439,1,12,1,1,coming
447,0,2,0,0,out
447,0,10,0,0,coming
448,4,4,4,4,in
449,4,5,4,4,in
449,17,0,21,21,in
449,17,1,21,21,in
449,17,2,21,21,in
449,17,3,21,21,in
450,1,5,1,1,in
462,15,1,15,15,out
462,15,9,15,15,coming
478,10,6,10,10,out
478,10,11,10,10,coming
478,19,11,19,19,out
478,19,5,19,19,coming
479,10,0,10,10,out
479,10,12,10,10,coming
481,17,4,21,21,in
481,18,0,22,22,in
481,18,1,22,22,in
481,18,2,22,22,in
481,18,3,22,22,in
482,3,2,3,3,in
482,11,14,11,11,in
484,7,3,7,7,out
484,7,9,7,7,coming
494,5,2,5,5,in
494,11,1,11,11,out
494,11,6,11,11,coming
495,5,3,5,5,in
495,11,0,11,11,out
495,11,7,11,11,coming
498,6,6,6,6,in
499,6,7,6,6,in
499,12,2,12,12,out
499,12,7,12,12,coming
502,3,3,3,3,in
503,3,4,3,3,in
505,6,7,6,6,out
505,6,8,6,6,coming
509,4,3,4,4,out
509,4,1,4,4,coming
515,16,7,16,16,out
515,16,4,16,16,coming
516,16,2,16,16,out
516,16,5,16,16,coming
528,9,5,9,9,in
529,9,6,9,9,in
539,1,12,1,1,in
547,0,10,0,0,in
554,1,5,1,1,out
554,1,13,1,1,coming
561,0,0,0,0,out
561,0,12,0,0,coming
562,15,9,15,15,in
562,0,1,0,0,out
562,0,13,0,0,coming
566,17,2,21,21,out
566,17,5,21,21,coming
572,18,3,22,22,out
572,18,8,22,22,coming
573,2,3,20,20,out
573,2,5,20,20,coming
576,5,6,5,5,out
576,5,4,5,5,coming
576,17,1,21,21,out
576,17,7,21,21,coming
576,19,9,19,19,out
576,19,0,19,19,coming
577,17,0,21,21,out
577,17,8,21,21,coming
577,19,10,19,19,out
577,19,1,19,19,coming
578,10,11,10,10,in
578,19,5,19,19,in
579,10,12,10,10,in
584,7,9,7,7,in
591,15,0,15,15,out
591,15,10,15,15,coming
594,11,6,11,11,in
595,11,7,11,11,in
599,12,7,12,12,in
605,6,8,6,6,in
609,4,1,4,4,in
610,6,2,6,6,out
610,6,9,6,6,coming
613,7,1,7,7,out
613,7,10,7,7,coming
615,16,4,16,16,in
616,16,5,16,16,in
654,1,13,1,1,in
661,0,12,0,0,in
662,0,13,0,0,in
664,6,0,6,6,out
664,6,4,6,6,coming
665,6,1,6,6,out
665,6,5,6,6,coming
666,17,5,21,21,in
671,10,1,10,10,out
671,10,13,10,10,coming
672,18,8,22,22,in
673,2,5,20,20,in
676,5,4,5,5,in
676,17,7,21,21,in
676,19,0,19,19,in
677,17,8,21,21,in
677,19,1,19,19,in
677,14,0,14,14,out
677,14,5,14,14,coming
681,13,0,13,13,out
681,13,5,13,13,coming
682,18,2,22,22,out
682,18,9,22,22,coming
683,1,9,1,1,out
683,1,14,1,1,coming
691,15,10,15,15,in
694,13,1,13,13,out
694,13,7,13,13,coming
695,1,3,1,1,out
695,1,0,1,1,coming
695,13,2,13,13,out
695,13,8,13,13,coming
696,1,4,1,1,out
696,1,1,1,1,coming
701,17,5,21,21,out
701,17,6,21,21,coming
702,2,2,20,20,out
702,2,6,20,20,coming
706,11,12,11,11,out
706,11,8,11,11,coming
710,6,9,6,6,in
713,7,10,7,7,in
741,19,5,19,19,out
741,19,6,19,19,coming
743,12,7,12,12,out
743,12,4,12,12,coming
749,4,7,4,4,out
749,4,3,4,4,coming
757,10,0,10,10,out
757,10,1,10,10,out
757,10,2,10,10,out
757,10,3,10,10,out
757,10,4,10,10,out
757,10,5,10,10,out
757,10,6,10,10,out
757,10,7,10,10,out
757,10,8,10,10,out
757,10,9,10,10,out
757,10,10,10,10,out
757,10,11,10,10,out
757,10,12,10,10,out
757,10,13,10,10,out
757,10,14,10,10,out
757,10,15,10,10,out
757,10,16,10,10,out
757,10,17,10,10,out
757,10,18,10,10,out
757,10,19,10,10,out
757,10,0,23,23,coming
757,10,1,23,23,coming
757,10,2,23,23,coming
757,10,3,23,23,coming
757,10,4,23,23,coming
764,6,4,6,6,in
765,6,5,6,6,in
772,5,7,5,5,out
772,5,5,5,5,coming
777,14,5,14,14,in
781,13,5,13,13,in
782,18,9,22,22,in
783,1,14,1,1,in
784,0,8,0,0,out
784,0,14,0,0,coming
786,4,6,4,4,out
786,4,0,4,4,coming
792,2,0,20,20,out
792,2,3,20,20,coming
794,13,7,13,13,in
795,1,0,1,1,in
795,13,8,13,13,in
796,1,1,1,1,in
801,17,6,21,21,in
802,2,6,20,20,in
803,14,1,14,14,out
803,14,9,14,14,coming
804,14,2,14,14,out
804,14,10,14,14,coming
806,11,8,11,11,in
811,18,1,22,22,out
811,18,10,22,22,coming
827,17,3,21,21,out
827,17,1,21,21,coming
828,17,4,21,21,out
828,17,2,21,21,coming
829,18,0,22,22,out
829,18,2,22,22,coming
830,18,8,22,22,out
830,18,3,22,22,coming
837,1,14,1,1,out
837,1,2,1,1,coming
838,6,9,6,6,out
838,6,11,6,6,coming
838,13,5,13,13,out
838,13,9,13,13,coming
841,19,6,19,19,in
843,12,4,12,12,in
843,19,4,19,19,out
843,19,7,19,19,coming
849,4,3,4,4,in
852,9,0,9,9,out
852,9,8,9,9,coming
857,10,0,23,23,in
857,10,1,23,23,in
857,10,2,23,23,in
857,10,3,23,23,in
857,10,4,23,23,in
857,9,10,9,9,out
857,9,4,9,9,coming
872,5,5,5,5,in
877,12,0,12,12,out
877,12,2,12,12,coming
884,0,14,0,0,in
886,4,0,4,4,in
887,16,1,16,16,out
887,16,7,16,16,coming
892,2,3,20,20,in
893,11,13,11,11,out
893,11,9,11,11,coming
903,14,9,14,14,in
904,14,10,14,14,in
906,11,14,11,11,out
906,11,0,11,11,coming
911,18,10,22,22,in
912,13,3,13,13,out
912,13,1,13,13,coming
913,0,9,0,0,out
913,0,15,0,0,coming
913,13,4,13,13,out
913,13,2,13,13,coming
927,17,1,21,21,in
928,17,2,21,21,in
929,18,2,22,22,in
930,18,3,22,22,in
933,7,2,7,7,out
933,7,11,7,7,coming
935,17,2,21,21,out
935,17,9,21,21,coming
937,1,2,1,1,in
938,14,0,14,14,out
938,14,1,14,14,out
938,14,2,14,14,out
938,14,3,14,14,out
938,14,4,14,14,out
938,14,5,14,14,out
938,14,6,14,14,out
938,14,7,14,14,out
938,14,8,14,14,out
938,14,9,14,14,out
938,14,10,14,14,out
938,14,11,14,14,out
938,14,12,14,14,out
938,14,13,14,14,out
938,14,14,14,14,out
938,14,15,14,14,out
938,14,16,14,14,out
938,14,17,14,14,out
938,14,18,14,14,out
938,14,19,14,14,out
938,6,11,6,6,in
938,13,9,13,13,in
938,14,0,24,24,coming
938,14,1,24,24,coming
938,14,2,24,24,coming
938,14,3,24,24,coming
938,14,4,24,24,coming
941,6,5,6,6,out
941,6,12,6,6,coming
943,19,7,19,19,in
943,8,0,8,8,out
943,8,13,8,8,coming
952,9,8,9,9,in
953,19,3,19,19,out
953,19,8,19,19,coming
957,9,4,9,9,in
957,3,0,3,3,out
957,3,5,3,3,coming
977,12,2,12,12,in
980,16,0,16,16,out
980,16,10,16,16,coming
984,12,1,12,12,out
984,12,3,12,12,coming
987,16,7,16,16,in
991,8,9,8,8,out
991,8,1,8,8,coming
992,8,10,8,8,out
992,8,2,8,8,coming
993,11,9,11,11,in
994,1,2,1,1,out
994,1,14,1,1,coming
1006,11,0,11,11,in
1006,19,0,19,19,out
1006,19,4,19,19,coming
1007,19,1,19,19,out
1007,19,5,19,19,coming
1011,0,0,0,0,out
1011,0,1,0,0,out
1011,0,2,0,0,out
1011,0,3,0,0,out
1011,0,4,0,0,out
1011,0,5,0,0,out
1011,0,6,0,0,out
1011,0,7,0,0,out
1011,0,8,0,0,out
1011,0,9,0,0,out
1011,0,10,0,0,out
1011,0,11,0,0,out
1011,0,12,0,0,out
1011,0,13,0,0,out
1011,0,14,0,0,out
1011,0,15,0,0,out
1011,0,16,0,0,out
1011,0,17,0,0,out
1011,0,18,0,0,out
1011,0,19,0,0,out
1011,0,0,25,25,coming
1011,0,1,25,25,coming
1011,0,2,25,25,coming
1011,0,3,25,25,coming
1011,0,4,25,25,coming
1012,13,1,13,13,in
1012,12,5,12,12,out
1012,12,7,12,12,coming
1013,1,0,1,1,out
1013,1,1,1,1,out
1013,1,2,1,1,out
1013,1,3,1,1,out
1013,1,4,1,1,out
1013,1,5,1,1,out
1013,1,6,1,1,out
1013,1,7,1,1,out
1013,1,8,1,1,out
1013,1,9,1,1,out
1013,1,10,1,1,out
1013,1,11,1,1,out
1013,1,12,1,1,out
1013,1,13,1,1,out
1013,1,14,1,1,out
1013,1,15,1,1,out
1013,1,16,1,1,out
1013,1,17,1,1,out
1013,1,18,1,1,out
1013,1,19,1,1,out
1013,13,2,13,13,in
1013,1,0,26,26,coming
1013,1,1,26,26,coming
1013,1,2,26,26,coming
1013,1,3,26,26,coming
1013,1,4,26,26,coming
1016,11,9,11,11,out
1016,11,1,11,11,coming
1031,18,10,22,22,out
1031,18,4,22,22,coming
1033,7,11,7,7,in
1035,17,9,21,21,in
1038,14,0,24,24,in
1038,14,1,24,24,in
1038,14,2,24,24,in
1038,14,3,24,24,in
1038,14,4,24,24,in
1041,6,12,6,6,in
1043,8,13,8,8,in
1045,10,3,23,23,out
1045,10,8,23,23,coming
1046,10,0,23,23,out
1046,10,9,23,23,coming
1052,13,9,13,13,out
1052,13,3,13,13,coming
1053,19,8,19,19,in
1056,12,4,12,12,out
1056,12,5,12,12,coming
1057,3,5,3,3,in
1062,7,7,7,7,out
1062,7,12,7,7,coming
1064,17,7,21,21,out
1064,17,10,21,21,coming
1070,6,6,6,6,out
1070,6,13,6,6,coming
1080,16,10,16,16,in
1084,12,3,12,12,in
1086,3,1,3,3,out
1086,3,6,3,3,coming
1091,8,1,8,8,in
1092,8,2,8,8,in
1104,16,7,16,16,out
1104,16,11,16,16,coming
1106,19,4,19,19,in
1107,19,5,19,19,in
1108,16,0,16,16,out
1108,16,1,16,16,out
1108,16,2,16,16,out
1108,16,3,16,16,out
1108,16,4,16,16,out
1108,16,5,16,16,out
1108,16,6,16,16,out
1108,16,7,16,16,out
1108,16,8,16,16,out
1108,16,9,16,16,out
1108,16,10,16,16,out
1108,16,11,16,16,out
1108,16,12,16,16,out
1108,16,13,16,16,out
1108,16,14,16,16,out
1108,16,15,16,16,out
1108,16,16,16,16,out
1108,16,17,16,16,out
1108,16,18,16,16,out
1108,16,19,16,16,out
1108,16,0,27,27,coming
1108,16,1,27,27,coming
1108,16,2,27,27,coming
1108,16,3,27,27,coming
1108,16,4,27,27,coming
1111,0,0,25,25,in
1111,0,1,25,25,in
1111,0,2,25,25,in
1111,0,3,25,25,in
1111,0,4,25,25,in
1112,12,7,12,12,in
1113,1,0,26,26,in
1113,1,1,26,26,in
1113,1,2,26,26,in
1113,1,3,26,26,in
1113,1,4,26,26,in
1116,11,1,11,11,in
1118,11,6,11,11,out
1118,11,11,11,11,coming
1119,11,7,11,11,out
1119,11,12,11,11,coming
1125,8,13,8,8,out
1125,8,3,8,8,coming
1130,6,4,6,6,out
1130,6,9,6,6,coming
1131,18,4,22,22,in
1145,10,8,23,23,in
1146,10,9,23,23,in
1152,13,3,13,13,in
1156,12,5,12,12,in
1160,18,9,22,22,out
1160,18,5,22,22,coming
1162,7,12,7,7,in
1164,17,10,21,21,in
1168,18,2,22,22,out
1168,18,1,22,22,coming
1170,6,13,6,6,in
1179,19,8,19,19,out
1179,19,0,19,19,coming
1180,19,5,19,19,out
1180,19,1,19,19,coming
1182,10,9,23,23,out
1182,10,3,23,23,coming
1183,1,2,26,26,out
1183,1,8,26,26,coming
1186,3,6,3,3,in
1208,16,0,27,27,in
1208,16,1,27,27,in
1208,16,2,27,27,in
1208,16,3,27,27,in
1208,16,4,27,27,in
1209,16,3,27,27,out
1209,16,5,27,27,coming
1210,16,2,27,27,out
1210,16,6,27,27,coming
1211,0,4,25,25,out
1211,0,5,25,25,coming
1211,2,1,20,20,out
1211,2,7,20,20,coming
1212,0,3,25,25,out
1212,0,6,25,25,coming
1215,3,2,3,3,out
1215,3,7,3,3,coming
1218,11,11,11,11,in
1219,11,12,11,11,in
1221,13,7,13,13,out
1221,13,4,13,13,coming
1225,8,3,8,8,in
1230,6,9,6,6,in
1242,17,6,21,21,out
1242,17,11,21,21,coming
1254,8,11,8,8,out
1254,8,4,8,8,coming
1258,5,8,5,5,out
1258,5,6,5,5,coming
1259,6,13,6,6,out
1259,6,10,6,6,coming
1260,18,5,22,22,in
1265,17,1,21,21,out
1265,17,7,21,21,coming
1268,18,1,22,22,in
1271,11,8,11,11,out
1271,11,13,11,11,coming
1279,19,0,19,19,in
1280,19,1,19,19,in
1282,10,3,23,23,in
1283,1,8,26,26,in
1293,18,5,22,22,out
1293,18,2,22,22,coming
1294,1,3,26,26,out
1294,1,9,26,26,coming
1295,2,3,20,20,out
1295,2,9,20,20,coming
1296,2,4,20,20,out
1296,2,10,20,20,coming
1309,16,5,27,27,in
1309,4,4,4,4,out
1309,4,6,4,4,coming
1310,16,6,27,27,in
1311,0,5,25,25,in
1311,2,7,20,20,in
1312,0,6,25,25,in
1313,14,3,24,24,out
1313,14,5,24,24,coming
1314,14,4,24,24,out
1314,14,6,24,24,coming
1315,3,7,3,3,in
1321,13,4,13,13,in
1334,19,6,19,19,out
1334,19,2,19,19,coming
1342,17,11,21,21,in
1344,3,3,3,3,out
1344,3,8,3,3,coming
1347,12,0,12,12,out
1347,12,1,12,12,out
1347,12,2,12,12,out
1347,12,3,12,12,out
1347,12,4,12,12,out
1347,12,5,12,12,out
1347,12,6,12,12,out
1347,12,7,12,12,out
1347,12,8,12,12,out
1347,12,9,12,12,out
1347,12,10,12,12,out
1347,12,11,12,12,out
1347,12,12,12,12,out
1347,12,13,12,12,out
1347,12,14,12,12,out
1347,12,15,12,12,out
1347,12,16,12,12,out
1347,12,17,12,12,out
1347,12,18,12,12,out
1347,12,19,12,12,out
1347,12,0,28,28,coming
1347,12,1,28,28,coming
1347,12,2,28,28,coming
1347,12,3,28,28,coming
1347,12,4,28,28,coming
1350,13,8,13,13,out
1350,13,5,13,13,coming
1354,8,4,8,8,in
1358,5,6,5,5,in
1359,6,10,6,6,in
1365,17,7,21,21,in
1366,16,1,27,27,out
1366,16,12,27,27,coming
1367,16,4,27,27,out
1367,16,13,27,27,coming
1367,19,7,19,19,out
1367,19,8,19,19,coming
1368,19,4,19,19,out
1368,19,9,19,19,coming
1371,11,13,11,11,in
1377,8,12,8,8,out
1377,8,7,8,8,coming
1378,1,0,26,26,out
1378,1,1,26,26,out
1378,1,2,26,26,out
1378,1,3,26,26,out
1378,1,4,26,26,out
1378,1,5,26,26,out
1378,1,6,26,26,out
1378,1,7,26,26,out
1378,1,8,26,26,out
1378,1,9,26,26,out
1378,1,10,26,26,out
1378,1,11,26,26,out
1378,1,12,26,26,out
1378,1,13,26,26,out
1378,1,14,26,26,out
1378,1,15,26,26,out
1378,1,16,26,26,out
1378,1,17,26,26,out
1378,1,18,26,26,out
1378,1,19,26,26,out
1378,1,0,29,29,coming
1378,1,1,29,29,coming
1378,1,2,29,29,coming
1378,1,3,29,29,coming
1378,1,4,29,29,coming
1378,8,1,8,8,out
1378,8,8,8,8,coming
1387,5,2,5,5,out
1387,5,7,5,5,coming
1393,3,0,3,3,out
1393,3,1,3,3,out
1393,3,2,3,3,out
1393,3,3,3,3,out
1393,3,4,3,3,out
1393,3,5,3,3,out
1393,3,6,3,3,out
1393,3,7,3,3,out
1393,3,8,3,3,out
1393,3,9,3,3,out
1393,3,10,3,3,out
1393,3,11,3,3,out
1393,3,12,3,3,out
1393,3,13,3,3,out
1393,3,14,3,3,out
1393,3,15,3,3,out
1393,3,16,3,3,out
1393,3,17,3,3,out
1393,3,18,3,3,out
1393,3,19,3,3,out
1393,18,2,22,22,in
1393,3,0,30,30,coming
1393,3,1,30,30,coming
1393,3,2,30,30,coming
1393,3,3,30,30,coming
1393,3,4,30,30,coming
1395,2,9,20,20,in
1396,2,10,20,20,in
1398,0,2,25,25,out
1398,0,3,25,25,coming
1400,11,0,11,11,out
1400,11,14,11,11,coming
1404,6,11,6,6,out
1404,6,0,6,6,coming
1405,6,12,6,6,out
1405,6,1,6,6,coming
1409,4,6,4,4,in
1413,14,5,24,24,in
1414,14,6,24,24,in
1427,2,7,20,20,out
1427,2,11,20,20,coming
1434,19,2,19,19,in
1447,12,0,28,28,in
1447,12,1,28,28,in
1447,12,2,28,28,in
1447,12,3,28,28,in
1447,12,4,28,28,in
1450,13,5,13,13,in
1466,16,12,27,27,in
1467,16,13,27,27,in
1467,19,8,19,19,in
1468,19,9,19,19,in
1471,14,0,24,24,out
1471,14,7,24,24,coming
1475,13,1,13,13,out
1475,13,8,13,13,coming
1476,13,2,13,13,out
1476,13,9,13,13,coming
1477,8,7,8,8,in
1478,1,0,29,29,in
1478,1,1,29,29,in
1478,1,2,29,29,in
1478,1,3,29,29,in
1478,1,4,29,29,in
1478,8,8,8,8,in
1484,17,11,21,21,out
1484,17,5,21,21,coming
1485,17,9,21,21,out
1485,17,6,21,21,coming
1487,5,7,5,5,in
1493,3,0,30,30,in
1493,3,1,30,30,in
1493,3,2,30,30,in
1493,3,3,30,30,in
1493,3,4,30,30,in
1498,0,3,25,25,in
1500,11,14,11,11,in
1504,6,0,6,6,in
1505,6,1,6,6,in
1508,0,1,25,25,out
1508,0,4,25,25,coming
1511,8,2,8,8,out
1511,8,9,8,8,coming
1516,5,3,5,5,out
1516,5,8,5,5,coming
1519,11,0,11,11,out
1519,11,1,11,11,out
1519,11,2,11,11,out
1519,11,3,11,11,out
1519,11,4,11,11,out
1519,11,5,11,11,out
1519,11,6,11,11,out
1519,11,7,11,11,out
1519,11,8,11,11,out
1519,11,9,11,11,out
1519,11,10,11,11,out
1519,11,11,11,11,out
1519,11,12,11,11,out
1519,11,13,11,11,out
1519,11,14,11,11,out
1519,11,15,11,11,out
1519,11,16,11,11,out
1519,11,17,11,11,out
1519,11,18,11,11,out
1519,11,19,11,11,out
1519,11,0,31,31,coming
1519,11,1,31,31,coming
1519,11,2,31,31,coming
1519,11,3,31,31,coming
1519,11,4,31,31,coming
1524,10,8,23,23,out
1524,10,5,23,23,coming
1526,19,2,19,19,out
1526,19,10,19,19,coming
1527,2,11,20,20,in
1527,19,0,19,19,out
1527,19,11,19,19,coming
1556,2,5,20,20,out
1556,2,12,20,20,coming
1557,8,3,8,8,out
1557,8,10,8,8,coming
1557,12,3,28,28,out
1557,12,10,28,28,coming
1571,14,7,24,24,in
1571,16,0,27,27,out
1571,16,14,27,27,coming
1575,13,8,13,13,in
1576,13,9,13,13,in
1578,0,0,25,25,out
1578,0,10,25,25,coming
1579,4,0,4,4,out
1579,4,4,4,4,coming
1580,6,8,6,6,out
1580,6,2,6,6,coming
1584,17,5,21,21,in
1585,17,6,21,21,in
1600,14,1,24,24,out
1600,14,8,24,24,coming
1606,9,4,9,9,out
1606,9,9,9,9,coming
1608,0,4,25,25,in
1611,8,9,8,8,in
1611,15,7,15,15,out
1611,15,12,15,15,coming
1616,5,8,5,5,in
1617,13,3,13,13,out
1617,13,2,13,13,coming
1618,13,4,13,13,out
1618,13,3,13,13,coming
1619,11,0,31,31,in
1619,11,1,31,31,in
1619,11,2,31,31,in
1619,11,3,31,31,in
1619,11,4,31,31,in
1624,10,5,23,23,in
1626,19,10,19,19,in
1627,19,11,19,19,in
1641,10,5,23,23,out
1641,10,8,23,23,coming
1642,10,1,23,23,out
1642,10,9,23,23,coming
1645,5,4,5,5,out
1645,5,9,5,5,coming
1656,2,12,20,20,in
1657,8,10,8,8,in
1657,12,10,28,28,in
1664,19,0,19,19,out
1664,19,1,19,19,out
1664,19,2,19,19,out
1664,19,3,19,19,out
1664,19,4,19,19,out
1664,19,5,19,19,out
1664,19,6,19,19,out
1664,19,7,19,19,out
1664,19,8,19,19,out
1664,19,9,19,19,out
1664,19,10,19,19,out
1664,19,11,19,19,out
1664,19,12,19,19,out
1664,19,13,19,19,out
1664,19,14,19,19,out
1664,19,15,19,19,out
1664,19,16,19,19,out
1664,19,17,19,19,out
1664,19,18,19,19,out
1664,19,19,19,19,out
1664,19,0,32,32,coming
1664,19,1,32,32,coming
1664,19,2,32,32,coming
1664,19,3,32,32,coming
1664,19,4,32,32,coming
1671,16,14,27,27,in
1678,0,10,25,25,in
1678,3,2,30,30,out
1678,3,7,30,30,coming
1678,12,1,28,28,out
1678,12,3,28,28,coming
1678,18,1,22,22,out
1678,18,5,22,22,coming
1679,4,4,4,4,in
1679,0,4,25,25,out
1679,0,11,25,25,coming
1679,3,3,30,30,out
1679,3,8,30,30,coming
1680,6,2,6,6,in
1685,2,6,20,20,out
1685,2,13,20,20,coming
1688,7,12,7,7,out
1688,7,1,7,7,coming
1689,7,8,7,7,out
1689,7,2,7,7,coming
1700,14,8,24,24,in
1700,16,5,27,27,out
1700,16,15,27,27,coming
1704,16,0,27,27,out
1704,16,1,27,27,out
1704,16,2,27,27,out
1704,16,3,27,27,out
1704,16,4,27,27,out
1704,16,5,27,27,out
1704,16,6,27,27,out
1704,16,7,27,27,out
1704,16,8,27,27,out
1704,16,9,27,27,out
1704,16,10,27,27,out
1704,16,11,27,27,out
1704,16,12,27,27,out
1704,16,13,27,27,out
1704,16,14,27,27,out
1704,16,15,27,27,out
1704,16,16,27,27,out
1704,16,17,27,27,out
1704,16,18,27,27,out
1704,16,19,27,27,out
1704,8,11,8,8,coming
1704,16,0,33,33,coming
1704,16,1,33,33,coming
1704,16,2,33,33,coming
1704,16,3,33,33,coming
1706,9,9,9,9,in
1709,0,5,25,25,out
1709,0,4,25,25,coming
1710,0,6,25,25,out
1710,0,5,25,25,coming
1710,5,5,5,5,out
1710,5,10,5,5,coming
1711,15,12,15,15,in
1713,17,10,21,21,out
1713,17,11,21,21,coming
1714,11,4,31,31,out
1714,11,9,31,31,coming
1714,17,7,21,21,out
1714,17,12,21,21,coming
1717,13,2,13,13,in
1718,13,3,13,13,in
1729,14,2,24,24,out
1729,14,9,24,24,coming
1735,9,5,9,9,out
1735,9,10,9,9,coming
1740,15,8,15,15,out
1740,15,13,15,15,coming
1741,10,8,23,23,in
1742,10,9,23,23,in
1745,5,9,5,5,in
1747,18,2,22,22,out
1747,18,12,22,22,coming
1748,18,3,22,22,out
1748,18,13,22,22,coming
1761,6,9,6,6,out
1761,6,3,6,6,coming
1764,19,0,32,32,in
1764,19,1,32,32,in
1764,19,2,32,32,in
1764,19,3,32,32,in
1764,19,4,32,32,in
1770,14,5,24,24,out
1770,14,0,24,24,coming
1778,3,7,30,30,in
1778,12,3,28,28,in
1778,18,5,22,22,in
1779,0,11,25,25,in
1779,3,8,30,30,in
1785,5,0,5,5,out
1785,5,1,5,5,out
1785,5,2,5,5,out
1785,5,3,5,5,out
1785,5,4,5,5,out
1785,5,5,5,5,out
1785,5,6,5,5,out
1785,5,7,5,5,out
1785,5,8,5,5,out
1785,5,9,5,5,out
1785,5,10,5,5,out
1785,5,11,5,5,out
1785,5,12,5,5,out
1785,5,13,5,5,out
1785,5,14,5,5,out
1785,5,15,5,5,out
1785,5,16,5,5,out
1785,5,17,5,5,out
1785,5,18,5,5,out
1785,5,19,5,5,out
1785,2,13,20,20,in
1785,5,0,34,34,coming
1785,5,1,34,34,coming
1785,5,2,34,34,coming
1785,5,3,34,34,coming
1785,5,4,34,34,coming
1788,7,1,7,7,in
1789,7,2,7,7,in
1792,1,3,29,29,out
1792,1,5,29,29,coming
1793,1,4,29,29,out
1793,1,6,29,29,coming
1804,8,11,8,8,in
1804,16,0,33,33,in
1804,16,1,33,33,in
1804,16,2,33,33,in
1804,16,3,33,33,in
1809,0,4,25,25,in
1810,0,5,25,25,in
1813,17,11,21,21,in
1814,11,9,31,31,in
1814,17,12,21,21,in
1814,2,9,20,20,out
1814,2,14,20,20,coming
1820,19,2,32,32,out
1820,19,13,32,32,coming
1821,19,3,32,32,out
1821,19,14,32,32,coming
1823,0,11,25,25,out
1823,0,9,25,25,coming
1828,13,5,13,13,out
1828,13,4,13,13,coming
1829,14,9,24,24,in
1830,11,3,31,31,out
1830,11,10,31,31,coming
1832,7,9,7,7,out
1832,7,3,7,7,coming
1835,9,10,9,9,in
1837,10,2,23,23,out
1837,10,10,23,23,coming
1840,15,13,15,15,in
1844,12,2,28,28,out
1844,12,5,28,28,coming
1847,18,12,22,22,in
1848,18,13,22,22,in
1849,17,8,21,21,out
1849,17,13,21,21,coming
1856,3,4,30,30,out
1856,3,9,30,30,coming
1861,6,3,6,6,in
1864,9,6,9,9,out
1864,9,11,9,9,coming
1870,14,0,24,24,in
1880,3,0,30,30,out
1880,3,1,30,30,out
1880,3,2,30,30,out
1880,3,3,30,30,out
1880,3,4,30,30,out
1880,3,5,30,30,out
1880,3,6,30,30,out
1880,3,7,30,30,out
1880,3,8,30,30,out
1880,3,9,30,30,out
1880,3,10,30,30,out
1880,3,11,30,30,out
1880,3,12,30,30,out
1880,3,13,30,30,out
1880,3,14,30,30,out
1880,3,15,30,30,out
1880,3,16,30,30,out
1880,3,17,30,30,out
1880,3,18,30,30,out
1880,3,19,30,30,out
1880,3,0,35,35,coming
1880,3,1,35,35,coming
1880,3,2,35,35,coming
1880,3,3,35,35,coming
1880,3,4,35,35,coming
1884,14,9,24,24,out
1884,14,1,24,24,coming
1885,5,0,34,34,in
1885,5,1,34,34,in
1885,5,2,34,34,in
1885,5,3,34,34,in
1885,5,4,34,34,in
1890,6,10,6,6,out
1890,6,4,6,6,coming
1890,18,5,22,22,out
1890,18,14,22,22,coming
1892,1,5,29,29,in
1893,1,6,29,29,in
1894,5,1,34,34,out
1894,5,6,34,34,coming
1895,5,2,34,34,out
1895,5,7,34,34,coming
1909,17,5,21,21,out
1909,17,10,21,21,coming
1914,2,14,20,20,in
1917,4,3,4,4,out
1917,4,0,4,4,coming
1920,19,13,32,32,in
1921,19,14,32,32,in
1922,15,13,15,15,out
1922,15,7,15,15,coming
1923,0,9,25,25,in
1923,15,11,15,15,out
1923,15,8,15,15,coming
1928,13,4,13,13,in
1929,19,0,32,32,out
1929,19,1,32,32,out
1929,19,2,32,32,out
1929,19,3,32,32,out
1929,19,4,32,32,out
1929,19,5,32,32,out
1929,19,6,32,32,out
1929,19,7,32,32,out
1929,19,8,32,32,out
1929,19,9,32,32,out
1929,19,10,32,32,out
1929,19,11,32,32,out
1929,19,12,32,32,out
1929,19,13,32,32,out
1929,19,14,32,32,out
1929,19,15,32,32,out
1929,19,16,32,32,out
1929,19,17,32,32,out
1929,19,18,32,32,out
1929,19,19,32,32,out
1929,19,0,36,36,coming
1929,19,1,36,36,coming
1929,19,2,36,36,coming
1929,19,3,36,36,coming
1929,19,4,36,36,coming
1930,11,10,31,31,in
1932,7,3,7,7,in
1937,10,10,23,23,in
1938,2,0,20,20,out
1938,2,1,20,20,out
1938,2,2,20,20,out
1938,2,3,20,20,out
1938,2,4,20,20,out
1938,2,5,20,20,out
1938,2,6,20,20,out
1938,2,7,20,20,out
1938,2,8,20,20,out
1938,2,9,20,20,out
1938,2,10,20,20,out
1938,2,11,20,20,out
1938,2,12,20,20,out
1938,2,13,20,20,out
1938,2,14,20,20,out
1938,2,15,20,20,out
1938,2,16,20,20,out
1938,2,17,20,20,out
1938,2,18,20,20,out
1938,2,19,20,20,out
1938,2,0,37,37,coming
1938,2,1,37,37,coming
1938,2,2,37,37,coming
1938,2,3,37,37,coming
1938,2,4,37,37,coming
1944,12,5,28,28,in
1949,17,13,21,21,in
1957,13,8,13,13,out
1957,13,5,13,13,coming
1961,7,10,7,7,out
1961,7,4,7,7,coming
1964,9,11,9,9,in
1966,10,3,23,23,out
1966,10,11,23,23,coming
1970,13,9,13,13,out
1970,13,7,13,13,coming
1971,13,2,13,13,out
1971,13,8,13,13,coming
1973,12,0,28,28,out
1973,12,6,28,28,coming
1978,11,0,31,31,out
1978,11,3,31,31,coming
1980,3,0,35,35,in
1980,3,1,35,35,in
1980,3,2,35,35,in
1980,3,3,35,35,in
1980,3,4,35,35,in
1984,14,1,24,24,in
1985,3,2,35,35,out
1985,3,7,35,35,coming
1986,3,3,35,35,out
1986,3,8,35,35,coming
1990,6,4,6,6,in
1990,18,14,22,22,in
1993,9,7,9,9,out
1993,9,12,9,9,coming
1994,5,6,34,34,in
1995,5,7,34,34,in
2009,17,10,21,21,in
2012,8,4,8,8,out
2012,8,12,8,8,coming
2013,14,6,24,24,out
2013,14,2,24,24,coming
2017,4,0,4,4,in
2019,18,4,22,22,out
2019,18,15,22,22,coming
2022,15,7,15,15,in
2023,15,8,15,15,in
2029,19,0,36,36,in
2029,19,1,36,36,in
2029,19,2,36,36,in
2029,19,3,36,36,in
2029,19,4,36,36,in
2038,2,0,37,37,in
2038,2,1,37,37,in
2038,2,2,37,37,in
2038,2,3,37,37,in
2038,2,4,37,37,in
2046,17,13,21,21,out
2046,17,2,21,21,coming
2047,17,6,21,21,out
2047,17,3,21,21,coming
2049,0,3,25,25,out
2049,0,11,25,25,coming
2057,13,5,13,13,in
2057,4,4,4,4,out
2057,4,7,4,4,coming
2061,7,4,7,7,in
2066,10,11,23,23,in
2070,13,7,13,13,in
2071,13,8,13,13,in
2073,12,6,28,28,in
2076,11,1,31,31,out
2076,11,7,31,31,coming
2078,11,3,31,31,in
2085,3,7,35,35,in
2086,3,8,35,35,in
2090,7,11,7,7,out
2090,7,5,7,7,coming
2093,9,12,9,9,in
2095,10,4,23,23,out
2095,10,12,23,23,coming
2102,12,10,28,28,out
2102,12,7,28,28,coming
2104,5,3,34,34,out
2104,5,8,34,34,coming
2112,8,12,8,8,in
2113,14,2,24,24,in
2114,13,5,13,13,out
2114,13,9,13,13,coming
2119,18,15,22,22,in
2120,9,8,9,9,out
2120,9,13,9,9,coming
2129,0,4,25,25,out
2129,0,7,25,25,coming
2130,0,5,25,25,out
2130,0,8,25,25,coming
2134,1,6,29,29,out
2134,1,3,29,29,coming
2142,14,7,24,24,out
2142,14,3,24,24,coming
2146,17,2,21,21,in
2147,17,3,21,21,in
2148,18,12,22,22,out
2148,18,16,22,22,coming
2149,0,11,25,25,in
2150,9,0,9,9,out
2150,9,1,9,9,out
2150,9,2,9,9,out
2150,9,3,9,9,out
2150,9,4,9,9,out
2150,9,5,9,9,out
2150,9,6,9,9,out
2150,9,7,9,9,out
2150,9,8,9,9,out
2150,9,9,9,9,out
2150,9,10,9,9,out
2150,9,11,9,9,out
2150,9,12,9,9,out
2150,9,13,9,9,out
2150,9,14,9,9,out
2150,9,15,9,9,out
2150,9,16,9,9,out
2150,9,17,9,9,out
2150,9,18,9,9,out
2150,9,19,9,9,out
2150,9,0,38,38,coming
2150,9,1,38,38,coming
2150,9,2,38,38,coming
2150,9,3,38,38,coming
2150,9,4,38,38,coming
2157,4,7,4,4,in
2162,16,3,33,33,out
2162,16,15,33,33,coming
2176,11,7,31,31,in
2179,3,4,35,35,out
2179,3,9,35,35,coming
2186,4,5,4,4,out
2186,4,8,4,4,coming
2187,11,3,31,31,out
2187,11,8,31,31,coming
2190,7,5,7,7,in
2192,1,5,29,29,out
2192,1,7,29,29,coming
2193,1,0,29,29,out
2193,1,8,29,29,coming
2195,10,12,23,23,in
2202,4,0,4,4,out
2202,4,1,4,4,out
2202,4,2,4,4,out
2202,4,3,4,4,out
2202,4,4,4,4,out
2202,4,5,4,4,out
2202,4,6,4,4,out
2202,4,7,4,4,out
2202,4,8,4,4,out
2202,4,9,4,4,out
2202,4,10,4,4,out
2202,4,11,4,4,out
2202,4,12,4,4,out
2202,4,13,4,4,out
2202,4,14,4,4,out
2202,4,15,4,4,out
2202,4,16,4,4,out
2202,4,17,4,4,out
2202,4,18,4,4,out
2202,4,19,4,4,out
2202,12,7,28,28,in
2202,4,0,39,39,coming
2202,4,1,39,39,coming
2202,4,2,39,39,coming
2202,4,3,39,39,coming
2202,4,4,39,39,coming
2203,6,5,6,6,coming
2204,5,8,34,34,in
2214,13,9,13,13,in
2220,2,3,37,37,out
2220,2,5,37,37,coming
2221,2,4,37,37,out
2221,2,6,37,37,coming
2224,10,8,23,23,out
2224,10,13,23,23,coming
2226,18,0,22,22,out
2226,18,1,22,22,out
2226,18,2,22,22,out
2226,18,3,22,22,out
2226,18,4,22,22,out
2226,18,5,22,22,out
2226,18,6,22,22,out
2226,18,7,22,22,out
2226,18,8,22,22,out
2226,18,9,22,22,out
2226,18,10,22,22,out
2226,18,11,22,22,out
2226,18,12,22,22,out
2226,18,13,22,22,out
2226,18,14,22,22,out
2226,18,15,22,22,out
2226,18,16,22,22,out
2226,18,17,22,22,out
2226,18,18,22,22,out
2226,18,19,22,22,out
2229,0,7,25,25,in
2230,0,8,25,25,in
2233,5,9,34,34,coming
2234,1,3,29,29,in
2242,14,3,24,24,in
2243,13,10,13,13,coming
2250,9,0,38,38,in
2250,9,1,38,38,in
2250,9,2,38,38,in
2250,9,3,38,38,in
2250,9,4,38,38,in
2252,11,5,31,31,coming
2252,11,6,31,31,coming
2254,17,11,21,21,out
2254,17,4,21,21,coming
2262,16,15,33,33,in
2271,7,1,7,7,out
2271,7,7,7,7,coming
2271,14,8,24,24,out
2271,14,4,24,24,coming
2272,7,3,7,7,out
2272,7,8,7,7,coming
2276,5,4,34,34,out
2276,5,10,34,34,coming
2277,16,0,33,33,out
2277,16,16,33,33,coming
2279,3,9,35,35,in
2281,13,3,13,13,out
2281,13,1,13,13,coming
2282,13,4,13,13,out
2282,13,2,13,13,coming
2285,10,9,23,23,out
2285,10,7,23,23,coming
2286,10,10,23,23,out
2286,10,8,23,23,coming
2287,11,8,31,31,in
2292,1,7,29,29,in
2293,1,8,29,29,in
2298,16,0,33,33,out
2298,16,1,33,33,out
2298,16,2,33,33,out
2298,16,3,33,33,out
2298,16,4,33,33,out
2298,16,5,33,33,out
2298,16,6,33,33,out
2298,16,7,33,33,out
2298,16,8,33,33,out
2298,16,9,33,33,out
2298,16,10,33,33,out
2298,16,11,33,33,out
2298,16,12,33,33,out
2298,16,13,33,33,out
2298,16,14,33,33,out
2298,16,15,33,33,out
2298,16,16,33,33,out
2298,16,17,33,33,out
2298,16,18,33,33,out
2298,16,19,33,33,out
2302,4,0,39,39,in
2302,4,1,39,39,in
2302,4,2,39,39,in
2302,4,3,39,39,in
2302,4,4,39,39,in
2303,6,5,6,6,in
2307,12,8,28,28,coming
2308,3,10,35,35,coming
2320,2,5,37,37,in
2321,2,6,37,37,in
2324,10,13,23,23,in
2327,3,6,35,35,coming
2330,1,4,29,29,coming
2332,6,0,6,6,out
2332,6,6,6,6,coming
2333,5,9,34,34,in
2343,13,10,13,13,in
2352,11,5,31,31,in
2352,11,6,31,31,in
2352,1,1,29,29,out
2352,1,9,29,29,coming
2354,17,4,21,21,in
2359,19,3,36,36,out
2359,19,11,36,36,coming
2360,19,4,36,36,out
2360,19,12,36,36,coming
2371,7,7,7,7,in
2371,14,4,24,24,in
2372,7,8,7,7,in
2376,5,10,34,34,in
2377,4,3,39,39,out
2377,4,8,39,39,coming
2381,13,1,13,13,in
2382,13,2,13,13,in
2383,17,12,21,21,out
2383,17,5,21,21,coming
2385,10,7,23,23,in
2386,10,8,23,23,in
2400,14,0,24,24,out
2400,14,5,24,24,coming
2407,12,8,28,28,in
2408,3,10,35,35,in
2416,2,0,37,37,out
2416,2,7,37,37,coming
2421,7,4,7,7,out
2421,7,9,7,7,coming
2421,13,10,13,13,out
2421,13,3,13,13,coming
2427,3,6,35,35,in
2430,1,4,29,29,in
2432,6,6,6,6,in
2434,5,0,34,34,out
2434,5,11,34,34,coming
2434,10,13,23,23,out
2434,10,9,23,23,coming
2436,12,3,28,28,out
2436,12,9,28,28,coming
2440,10,11,23,23,out
2440,10,2,23,23,coming
2441,10,12,23,23,out
2441,10,3,23,23,coming
2443,14,1,24,24,out
2443,14,15,24,24,coming
2444,14,2,24,24,out
2444,14,16,24,24,coming
2450,0,11,25,25,out
2450,0,4,25,25,coming
2451,0,7,25,25,out
2451,0,5,25,25,coming
2452,1,9,29,29,in
2453,3,10,35,35,out
2453,3,13,35,35,coming
2454,3,1,35,35,out
2454,3,14,35,35,coming
2459,19,11,36,36,in
2460,19,12,36,36,in
2461,6,1,6,6,out
2461,6,7,6,6,coming
2462,17,10,21,21,out
2462,17,7,21,21,coming
2463,17,2,21,21,out
2463,17,8,21,21,coming
2477,4,8,39,39,in
2481,1,4,29,29,out
2481,1,10,29,29,coming
2482,1,2,29,29,out
2482,1,11,29,29,coming
2483,17,5,21,21,in
2490,11,8,31,31,out
2490,11,4,31,31,coming
2493,4,4,39,39,out
2493,4,9,39,39,coming
2500,14,5,24,24,in
2511,2,5,37,37,out
2511,2,3,37,37,coming
2516,2,7,37,37,in
2521,7,9,7,7,in
2521,13,3,13,13,in
2534,5,11,34,34,in
2534,10,9,23,23,in
2536,12,9,28,28,in
2536,2,7,37,37,out
2536,2,9,37,37,coming
2540,10,2,23,23,in
2541,10,3,23,23,in
2543,14,15,24,24,in
2544,14,16,24,24,in
2547,4,1,39,39,out
2547,4,3,39,39,coming
2548,4,2,39,39,out
2548,4,4,39,39,coming
2550,0,4,25,25,in
2550,7,5,7,7,out
2550,7,10,7,7,coming
2551,0,5,25,25,in
2553,3,13,35,35,in
2553,15,12,15,15,out
2553,15,11,15,15,coming
2554,3,14,35,35,in
2561,6,7,6,6,in
2562,17,7,21,21,in
2563,17,8,21,21,in
2574,14,0,24,24,out
2574,14,1,24,24,out
2574,14,2,24,24,out
2574,14,3,24,24,out
2574,14,4,24,24,out
2574,14,5,24,24,out
2574,14,6,24,24,out
2574,14,7,24,24,out
2574,14,8,24,24,out
2574,14,9,24,24,out
2574,14,10,24,24,out
2574,14,11,24,24,out
2574,14,12,24,24,out
2574,14,13,24,24,out
2574,14,14,24,24,out
2574,14,15,24,24,out
2574,14,16,24,24,out
2574,14,17,24,24,out
2574,14,18,24,24,out
2574,14,19,24,24,out
2581,1,10,29,29,in
2582,1,11,29,29,in
2584,19,13,36,36,coming
2585,19,10,36,36,coming
2587,10,4,23,23,coming
2588,0,6,25,25,coming
2590,11,4,31,31,in
2590,13,4,13,13,coming
2593,4,9,39,39,in
2601,1,11,29,29,out
2601,1,4,29,29,coming
2611,2,3,37,37,in
2613,3,0,35,35,out
2613,3,15,35,35,coming
2614,3,0,35,35,out
2614,3,1,35,35,out
2614,3,2,35,35,out
2614,3,3,35,35,out
2614,3,4,35,35,out
2614,3,5,35,35,out
2614,3,6,35,35,out
2614,3,7,35,35,out
2614,3,8,35,35,out
2614,3,9,35,35,out
2614,3,10,35,35,out
2614,3,11,35,35,out
2614,3,12,35,35,out
2614,3,13,35,35,out
2614,3,14,35,35,out
2614,3,15,35,35,out
2614,3,16,35,35,out
2614,3,17,35,35,out
2614,3,18,35,35,out
2614,3,19,35,35,out
2617,8,13,8,8,coming
2621,1,11,29,29,coming
2636,2,9,37,37,in
2638,2,10,37,37,coming
2639,2,4,37,37,coming
2639,2,5,37,37,coming
2647,4,3,39,39,in
2648,4,4,39,39,in
2649,5,4,34,34,coming
2649,5,5,34,34,coming
2650,7,10,7,7,in
2653,15,11,15,15,in
2668,17,5,21,21,out
2668,17,6,21,21,coming
2682,15,7,15,15,out
2682,15,12,15,15,coming
2684,19,13,36,36,in
2685,19,10,36,36,in
2685,11,2,31,31,out
2685,11,1,31,31,coming
2686,11,9,31,31,out
2686,11,2,31,31,coming
2687,10,4,23,23,in
2688,0,6,25,25,in
2690,13,4,13,13,in
2701,1,4,29,29,in
2716,10,9,23,23,out
2716,10,5,23,23,coming
2717,8,13,8,8,in
2717,0,8,25,25,out
2717,0,7,25,25,coming
2719,13,7,13,13,out
2719,13,5,13,13,coming
2721,1,11,29,29,in
2733,15,8,15,15,out
2733,15,7,15,15,coming
2734,15,9,15,15,out
2734,15,8,15,15,coming
2738,2,10,37,37,in
2739,2,4,37,37,in
2739,2,5,37,37,in
2741,1,0,29,29,out
2741,1,1,29,29,out
2741,1,2,29,29,out
2741,1,3,29,29,out
2741,1,4,29,29,out
2741,1,5,29,29,out
2741,1,6,29,29,out
2741,1,7,29,29,out
2741,1,8,29,29,out
2741,1,9,29,29,out
2741,1,10,29,29,out
2741,1,11,29,29,out
2741,1,12,29,29,out
2741,1,13,29,29,out
2741,1,14,29,29,out
2741,1,15,29,29,out
2741,1,16,29,29,out
2741,1,17,29,29,out
2741,1,18,29,29,out
2741,1,19,29,29,out
2746,4,6,39,39,coming
2746,8,14,8,8,coming
2749,5,4,34,34,in
2749,5,5,34,34,in
2768,17,6,21,21,in
2782,15,12,15,15,in
2785,11,1,31,31,in
2786,11,2,31,31,in
2791,10,6,23,23,coming
2794,17,1,21,21,coming
2794,17,2,21,21,coming
2816,10,5,23,23,in
2817,0,7,25,25,in
2819,13,5,13,13,in
2823,8,0,8,8,out
2823,8,1,8,8,out
2823,8,2,8,8,out
2823,8,3,8,8,out
2823,8,4,8,8,out
2823,8,5,8,8,out
2823,8,6,8,8,out
2823,8,7,8,8,out
2823,8,8,8,8,out
2823,8,9,8,8,out
2823,8,10,8,8,out
2823,8,11,8,8,out
2823,8,12,8,8,out
2823,8,13,8,8,out
2823,8,14,8,8,out
2823,8,15,8,8,out
2823,8,16,8,8,out
2823,8,17,8,8,out
2823,8,18,8,8,out
2823,8,19,8,8,out
2833,15,7,15,15,in
2834,15,8,15,15,in
2843,11,8,31,31,coming
2843,11,9,31,31,coming
2846,4,6,39,39,in
2846,0,8,25,25,coming
2848,4,7,39,39,coming
2848,13,6,13,13,coming
2861,19,0,36,36,out
2861,19,1,36,36,out
2861,19,2,36,36,out
2861,19,3,36,36,out
2861,19,4,36,36,out
2861,19,5,36,36,out
2861,19,6,36,36,out
2861,19,7,36,36,out
2861,19,8,36,36,out
2861,19,9,36,36,out
2861,19,10,36,36,out
2861,19,11,36,36,out
2861,19,12,36,36,out
2861,19,13,36,36,out
2861,19,14,36,36,out
2861,19,15,36,36,out
2861,19,16,36,36,out
2861,19,17,36,36,out
2861,19,18,36,36,out
2861,19,19,36,36,out
2863,15,9,15,15,coming
2870,7,11,7,7,coming
2870,13,7,13,13,coming
2891,10,6,23,23,in
2894,17,1,21,21,in
2894,17,2,21,21,in
2928,0,11,25,25,coming
2943,11,8,31,31,in
2943,11,9,31,31,in
2946,0,8,25,25,in
2948,4,7,39,39,in
2948,13,6,13,13,in
2957,2,7,37,37,coming
2960,6,11,6,6,coming
2963,15,9,15,15,in
2966,4,10,39,39,coming
2970,7,11,7,7,in
2970,13,7,13,13,in
2999,7,12,7,7,coming
3028,0,11,25,25,in
3038,4,0,39,39,out
3038,4,1,39,39,out
3038,4,2,39,39,out
3038,4,3,39,39,out
3038,4,4,39,39,out
3038,4,5,39,39,out
3038,4,6,39,39,out
3038,4,7,39,39,out
3038,4,8,39,39,out
3038,4,9,39,39,out
3038,4,10,39,39,out
3038,4,11,39,39,out
3038,4,12,39,39,out
3038,4,13,39,39,out
3038,4,14,39,39,out
3038,4,15,39,39,out
3038,4,16,39,39,out
3038,4,17,39,39,out
3038,4,18,39,39,out
3038,4,19,39,39,out
3057,2,7,37,37,in
3060,6,11,6,6,in
3063,6,12,6,6,coming
3086,2,8,37,37,coming
3099,7,12,7,7,in
3128,7,13,7,7,coming
3163,6,12,6,6,in
3182,7,0,7,7,out
3182,7,1,7,7,out
3182,7,2,7,7,out
3182,7,3,7,7,out
3182,7,4,7,7,out
3182,7,5,7,7,out
3182,7,6,7,7,out
3182,7,7,7,7,out
3182,7,8,7,7,out
3182,7,9,7,7,out
3182,7,10,7,7,out
3182,7,11,7,7,out
3182,7,12,7,7,out
3182,7,13,7,7,out
3182,7,14,7,7,out
3182,7,15,7,7,out
3182,7,16,7,7,out
3182,7,17,7,7,out
3182,7,18,7,7,out
3182,7,19,7,7,out
3186,2,8,37,37,in
3192,6,13,6,6,coming
3241,12,3,28,28,coming
3260,17,5,21,21,coming
3281,10,11,23,23,coming
3281,10,12,23,23,coming
3292,6,13,6,6,in
3311,17,9,21,21,coming
3334,9,6,38,38,coming
3334,9,7,38,38,coming
3341,12,3,28,28,in
3360,17,5,21,21,in
3381,10,11,23,23,in
3381,10,12,23,23,in
3411,17,9,21,21,in
3434,9,6,38,38,in
3434,9,7,38,38,in
3440,17,10,21,21,coming
3441,5,12,34,34,coming
3449,10,13,23,23,coming
3474,9,8,38,38,coming
3540,17,10,21,21,in
3541,5,12,34,34,in
3549,10,13,23,23,in
3570,5,13,34,34,coming
3574,9,8,38,38,in
3578,10,14,23,23,coming
3609,9,5,38,38,coming
3618,17,11,21,21,coming
3620,13,10,13,13,coming
3645,13,0,13,13,out
3645,13,1,13,13,out
3645,13,2,13,13,out
3645,13,3,13,13,out
3645,13,4,13,13,out
3645,13,5,13,13,out
3645,13,6,13,13,out
3645,13,7,13,13,out
3645,13,8,13,13,out
3645,13,9,13,13,out
3645,13,10,13,13,out
3645,13,11,13,13,out
3645,13,12,13,13,out
3645,13,13,13,13,out
3645,13,14,13,13,out
3645,13,15,13,13,out
3645,13,16,13,13,out
3645,13,17,13,13,out
3645,13,18,13,13,out
3645,13,19,13,13,out
3663,10,0,23,23,out
3663,10,1,23,23,out
3663,10,2,23,23,out
3663,10,3,23,23,out
3663,10,4,23,23,out
3663,10,5,23,23,out
3663,10,6,23,23,out
3663,10,7,23,23,out
3663,10,8,23,23,out
3663,10,9,23,23,out
3663,10,10,23,23,out
3663,10,11,23,23,out
3663,10,12,23,23,out
3663,10,13,23,23,out
3663,10,14,23,23,out
3663,10,15,23,23,out
3663,10,16,23,23,out
3663,10,17,23,23,out
3663,10,18,23,23,out
3663,10,19,23,23,out
3670,5,13,34,34,in
3699,5,14,34,34,coming
3709,9,5,38,38,in
3709,0,2,25,25,coming
3709,0,3,25,25,coming
3718,5,0,34,34,out
3718,5,1,34,34,out
3718,5,2,34,34,out
3718,5,3,34,34,out
3718,5,4,34,34,out
3718,5,5,34,34,out
3718,5,6,34,34,out
3718,5,7,34,34,out
3718,5,8,34,34,out
3718,5,9,34,34,out
3718,5,10,34,34,out
3718,5,11,34,34,out
3718,5,12,34,34,out
3718,5,13,34,34,out
3718,5,14,34,34,out
3718,5,15,34,34,out
3718,5,16,34,34,out
3718,5,17,34,34,out
3718,5,18,34,34,out
3718,5,19,34,34,out
3718,17,11,21,21,in
3747,17,12,21,21,coming
3806,6,8,6,6,coming
3809,0,2,25,25,in
3809,0,3,25,25,in
3847,17,12,21,21,in
3906,6,8,6,6,in
3911,6,9,6,6,coming
3924,11,3,31,31,coming
3942,11,0,31,31,coming
4011,6,9,6,6,in
4024,11,3,31,31,in
4042,11,0,31,31,in
4056,0,1,25,25,coming
4140,15,13,15,15,coming
4156,0,1,25,25,in
4240,15,13,15,15,in
4257,0,0,25,25,coming
4268,15,0,15,15,out
4268,15,1,15,15,out
4268,15,2,15,15,out
4268,15,3,15,15,out
4268,15,4,15,15,out
4268,15,5,15,15,out
4268,15,6,15,15,out
4268,15,7,15,15,out
4268,15,8,15,15,out
4268,15,9,15,15,out
4268,15,10,15,15,out
4268,15,11,15,15,out
4268,15,12,15,15,out
4268,15,13,15,15,out
4268,15,14,15,15,out
4268,15,15,15,15,out
4268,15,16,15,15,out
4268,15,17,15,15,out
4268,15,18,15,15,out
4268,15,19,15,15,out
4328,11,11,31,31,coming
4357,0,0,25,25,in
4358,6,10,6,6,coming
4428,11,11,31,31,in
4458,6,10,6,6,in
4504,6,14,6,6,coming
4521,6,0,6,6,out
4521,6,1,6,6,out
4521,6,2,6,6,out
4521,6,3,6,6,out
4521,6,4,6,6,out
4521,6,5,6,6,out
4521,6,6,6,6,out
4521,6,7,6,6,out
4521,6,8,6,6,out
4521,6,9,6,6,out
4521,6,10,6,6,out
4521,6,11,6,6,out
4521,6,12,6,6,out
4521,6,13,6,6,out
4521,6,14,6,6,out
4521,6,15,6,6,out
4521,6,16,6,6,out
4521,6,17,6,6,out
4521,6,18,6,6,out
4521,6,19,6,6,out
4657,17,13,21,21,coming
4757,17,13,21,21,in
4764,17,0,21,21,out
4764,17,1,21,21,out
4764,17,2,21,21,out
4764,17,3,21,21,out
4764,17,4,21,21,out
4764,17,5,21,21,out
4764,17,6,21,21,out
4764,17,7,21,21,out
4764,17,8,21,21,out
4764,17,9,21,21,out
4764,17,10,21,21,out
4764,17,11,21,21,out
4764,17,12,21,21,out
4764,17,13,21,21,out
4764,17,14,21,21,out
4764,17,15,21,21,out
4764,17,16,21,21,out
4764,17,17,21,21,out
4764,17,18,21,21,out
4764,17,19,21,21,out
4914,12,10,28,28,coming
5014,12,10,28,28,in
5299,9,0,38,38,out
5299,9,1,38,38,out
5299,9,2,38,38,out
5299,9,3,38,38,out
5299,9,4,38,38,out
5299,9,5,38,38,out
5299,9,6,38,38,out
5299,9,7,38,38,out
5299,9,8,38,38,out
5299,9,9,38,38,out
5299,9,10,38,38,out
5299,9,11,38,38,out
5299,9,12,38,38,out
5299,9,13,38,38,out
5299,9,14,38,38,out
5299,9,15,38,38,out
5299,9,16,38,38,out
5299,9,17,38,38,out
5299,9,18,38,38,out
5299,9,19,38,38,out
5460,0,12,25,25,coming
5462,0,0,25,25,out
5462,0,1,25,25,out
5462,0,2,25,25,out
5462,0,3,25,25,out
5462,0,4,25,25,out
5462,0,5,25,25,out
5462,0,6,25,25,out
5462,0,7,25,25,out
5462,0,8,25,25,out
5462,0,9,25,25,out
5462,0,10,25,25,out
5462,0,11,25,25,out
5462,0,12,25,25,out
5462,0,13,25,25,out
5462,0,14,25,25,out
5462,0,15,25,25,out
5462,0,16,25,25,out
5462,0,17,25,25,out
5462,0,18,25,25,out
5462,0,19,25,25,out
7581,12,11,28,28,coming
7681,12,11,28,28,in
7702,12,0,28,28,out
7702,12,1,28,28,out
7702,12,2,28,28,out
7702,12,3,28,28,out
7702,12,4,28,28,out
7702,12,5,28,28,out
7702,12,6,28,28,out
7702,12,7,28,28,out
7702,12,8,28,28,out
7702,12,9,28,28,out
7702,12,10,28,28,out
7702,12,11,28,28,out
7702,12,12,28,28,out
7702,12,13,28,28,out
7702,12,14,28,28,out
7702,12,15,28,28,out
7702,12,16,28,28,out
7702,12,17,28,28,out
7702,12,18,28,28,out
7702,12,19,28,28,out
9417,11,0,31,31,out
9417,11,1,31,31,out
9417,11,2,31,31,out
9417,11,3,31,31,out
9417,11,4,31,31,out
9417,11,5,31,31,out
9417,11,6,31,31,out
9417,11,7,31,31,out
9417,11,8,31,31,out
9417,11,9,31,31,out
9417,11,10,31,31,out
9417,11,11,31,31,out
9417,11,12,31,31,out
9417,11,13,31,31,out
9417,11,14,31,31,out
9417,11,15,31,31,out
9417,11,16,31,31,out
9417,11,17,31,31,out
9417,11,18,31,31,out
9417,11,19,31,31,out
16436,2,0,37,37,out
16436,2,1,37,37,out
16436,2,2,37,37,out
16436,2,3,37,37,out
16436,2,4,37,37,out
16436,2,5,37,37,out
16436,2,6,37,37,out
16436,2,7,37,37,out
16436,2,8,37,37,out
16436,2,9,37,37,out
16436,2,10,37,37,out
16436,2,11,37,37,out
16436,2,12,37,37,out
16436,2,13,37,37,out
16436,2,14,37,37,out
16436,2,15,37,37,out
16436,2,16,37,37,out
16436,2,17,37,37,out
16436,2,18,37,37,out
16436,2,19,37,37,out
